/*
Navicat MySQL Data Transfer

Source Server         : 本机
Source Server Version : 50723
Source Host           : localhost:3306
Source Database       : layuiim

Target Server Type    : MYSQL
Target Server Version : 50723
File Encoding         : 65001

Date: 2020-03-27 15:11:17
*/

SET FOREIGN_KEY_CHECKS=0;

-- ----------------------------
-- Table structure for chatmsg
-- ----------------------------
DROP TABLE IF EXISTS `chatmsg`;
CREATE TABLE `chatmsg` (
  `senduserid` varchar(64) DEFAULT NULL COMMENT '发送者id',
  `reciveuserid` varchar(64) DEFAULT NULL COMMENT '接收者id',
  `content` text COMMENT '发送内容',
  `sendtime` timestamp NULL DEFAULT CURRENT_TIMESTAMP COMMENT '发送时间',
  `msgtype` varchar(64) DEFAULT NULL COMMENT '消息类型'
) ENGINE=InnoDB DEFAULT CHARSET=utf8mb4;

-- ----------------------------
-- Records of chatmsg
-- ----------------------------
INSERT INTO `chatmsg` VALUES ('1571476959767947441', '1571476959767947449', '1', '2020-03-09 15:01:31', '0');
INSERT INTO `chatmsg` VALUES ('1571476959767947449', '1571476959767947441', '2', '2020-03-09 15:01:34', '0');
INSERT INTO `chatmsg` VALUES ('1571476959767947441', '1571476959767947449', '3', '2020-03-09 15:02:01', '0');
INSERT INTO `chatmsg` VALUES ('1571476959767947449', '1571476959767947441', '4', '2020-03-09 15:02:02', '0');
INSERT INTO `chatmsg` VALUES ('1571476959767947441', '1571476959767947449', '5', '2020-03-09 15:02:06', '0');
INSERT INTO `chatmsg` VALUES ('1571476959767947449', '1571476959767947441', '6', '2020-03-09 15:02:07', '0');
INSERT INTO `chatmsg` VALUES ('1571476959767947441', '1571476959767947449', '7', '2020-03-09 15:02:10', '0');
INSERT INTO `chatmsg` VALUES ('1571476959767947449', '1571476959767947441', '8', '2020-03-09 15:02:12', '0');
INSERT INTO `chatmsg` VALUES ('1571476959767947449', '1571476959767947427', '小CCCC', '2020-03-09 15:02:31', '0');
INSERT INTO `chatmsg` VALUES ('1571476959767947449', '1571476959767947427', '小CCCC', '2020-03-09 15:02:42', '0');
INSERT INTO `chatmsg` VALUES ('1571476959767947449', '1571476959767947427', '1111', '2020-03-09 15:04:06', '0');
INSERT INTO `chatmsg` VALUES ('1571476959767947449', '1571476959767947427', '小CCC', '2020-03-09 15:04:47', '0');
INSERT INTO `chatmsg` VALUES ('1571476959767947441', '1571476959767947449', '111', '2020-03-09 20:11:39', '0');
INSERT INTO `chatmsg` VALUES ('1571476959767947449', '1571476959767947441', '[pre class=layui-code]11[/pre]', '2020-03-09 20:56:44', '0');
INSERT INTO `chatmsg` VALUES ('1571476959767947449', '1571476959767947441', 'audio[1111]', '2020-03-09 20:56:46', '0');
INSERT INTO `chatmsg` VALUES ('1571476959767947449', '1571476959767947441', 'video[222]', '2020-03-09 20:56:49', '0');
INSERT INTO `chatmsg` VALUES ('1571476959767947441', '1571476959767947449', '你好小B', '2020-03-09 21:04:47', '0');
INSERT INTO `chatmsg` VALUES ('1571476959767947449', '1571476959767947441', '你好啊', '2020-03-09 21:04:54', '0');
INSERT INTO `chatmsg` VALUES ('1571476959767947441', '1571476959767947449', '来个消息提示', '2020-03-09 21:05:03', '0');
INSERT INTO `chatmsg` VALUES ('1571476959767947441', '1571476959767947449', '提示提示', '2020-03-09 21:05:11', '0');
INSERT INTO `chatmsg` VALUES ('1571476959767947449', '1571476959767947441', '来个文件', '2020-03-09 21:05:16', '0');
INSERT INTO `chatmsg` VALUES ('1571476959767947449', '1571476959767947441', 'img[/pic/b6c684ad240a4a6db87fe94cf54c28bf.png]', '2020-03-09 21:06:21', '0');
INSERT INTO `chatmsg` VALUES ('1571476959767947441', '1571476959767947449', 'img[/pic/6789563246f0414eb3ac4d92d16e15dc.jpg]', '2020-03-09 21:06:42', '0');
INSERT INTO `chatmsg` VALUES ('1571476959767947441', '1571476959767947449', 'file(/pic/73aff4cac4e54c53af18e668c9b480c8.html)[register.html]', '2020-03-09 21:06:48', '0');
INSERT INTO `chatmsg` VALUES ('1571476959767947449', '1571476959767947441', '小A在吗在吗', '2020-03-09 21:07:45', '0');
INSERT INTO `chatmsg` VALUES ('1571476959767947441', '1571476959767947449', '在啊', '2020-03-09 21:07:52', '0');
INSERT INTO `chatmsg` VALUES ('1571476959767947441', '1571476959767947449', '你好', '2020-03-09 21:07:57', '0');
INSERT INTO `chatmsg` VALUES ('1571476959767947441', '1571476959767947449', '来个文件', '2020-03-09 21:08:18', '0');
INSERT INTO `chatmsg` VALUES ('1571476959767947449', '1571476959767947441', 'file(/pic/61c7f971eebc40d282be638aafdd2656.js)[3bc56628185649d995f76ab8f37bb39a.js]', '2020-03-09 21:08:23', '0');
INSERT INTO `chatmsg` VALUES ('1571476959767947441', '1571476959767947449', '来个图片', '2020-03-09 21:08:38', '0');
INSERT INTO `chatmsg` VALUES ('1571476959767947449', '1571476959767947441', 'img[/pic/e3202444b15f4aa789320172f01dada0.png]', '2020-03-09 21:08:43', '0');
INSERT INTO `chatmsg` VALUES ('1571476959767947441', '1571476959767947449', 'audio[http://localhost:8080/pic/xwzydr.mp3]', '2020-03-09 21:09:14', '0');
INSERT INTO `chatmsg` VALUES ('1571476959767947441', '1571476959767947449', 'video[http://localhost:8080/pic/男孩.mp4]', '2020-03-09 21:09:32', '0');
INSERT INTO `chatmsg` VALUES ('1571476959767947441', '1571476959767947449', '小A', '2020-03-09 21:09:47', '0');
INSERT INTO `chatmsg` VALUES ('1571476959767947441', '1571476959767947449', '2222', '2020-03-09 21:09:52', '0');
INSERT INTO `chatmsg` VALUES ('1571476959767947449', '1571476959767947441', '111', '2020-03-10 13:47:03', '0');
INSERT INTO `chatmsg` VALUES ('1571476959767947449', '1571476959767947441', 'file(/pic/709bc3a9a80f4782a9c28eea251c0a0f.jpg)[hw3.jpg]', '2020-03-10 13:47:29', '0');
INSERT INTO `chatmsg` VALUES ('1571476959767947449', '1571476959767947441', '123', '2020-03-27 11:53:50', '0');
INSERT INTO `chatmsg` VALUES ('1571476959767947441', '1571476959767947449', '111', '2020-03-27 11:54:04', '0');
INSERT INTO `chatmsg` VALUES ('1571476959767947441', '1571476959767947449', 'face[哼] ', '2020-03-27 11:54:07', '0');
INSERT INTO `chatmsg` VALUES ('1571476959767947449', '1571476959767947441', 'face[拜拜] ', '2020-03-27 11:54:13', '0');

-- ----------------------------
-- Table structure for friends
-- ----------------------------
DROP TABLE IF EXISTS `friends`;
CREATE TABLE `friends` (
  `id` int(11) NOT NULL AUTO_INCREMENT,
  `userid` varchar(64) DEFAULT NULL COMMENT '用户id',
  `fuserid` varchar(64) DEFAULT NULL COMMENT '好友id',
  `addtime` timestamp NULL DEFAULT CURRENT_TIMESTAMP,
  PRIMARY KEY (`id`)
) ENGINE=InnoDB AUTO_INCREMENT=10 DEFAULT CHARSET=utf8mb4;

-- ----------------------------
-- Records of friends
-- ----------------------------
INSERT INTO `friends` VALUES ('1', '1571476959767947441', '1571476959767947449', '2019-12-01 17:14:56');
INSERT INTO `friends` VALUES ('2', '1571476959767947449', '1571476959767947441', '2019-12-01 17:15:01');
INSERT INTO `friends` VALUES ('3', '1571476959767947449', '1571476959767947427', '2019-12-01 17:24:04');
INSERT INTO `friends` VALUES ('4', '1575254996716916627', '1571476959767947449', '2019-12-02 10:50:24');
INSERT INTO `friends` VALUES ('5', '1571476959767947449', '1575254996716916627', '2019-12-02 10:50:29');
INSERT INTO `friends` VALUES ('6', '1571476959767947427', '1571476959767947449', '2019-12-02 13:58:11');
INSERT INTO `friends` VALUES ('7', '1571476959767947449', '1571476959767947427', '2019-12-02 13:58:11');
INSERT INTO `friends` VALUES ('8', '1571476959767947427', '1571476959767947441', '2019-12-02 13:58:24');
INSERT INTO `friends` VALUES ('9', '1571476959767947441', '1571476959767947427', '2019-12-02 13:58:24');

-- ----------------------------
-- Table structure for groups
-- ----------------------------
DROP TABLE IF EXISTS `groups`;
CREATE TABLE `groups` (
  `id` varchar(256) CHARACTER SET utf8mb4 DEFAULT NULL,
  `grpowner` varchar(256) DEFAULT NULL,
  `avatar` varchar(256) CHARACTER SET utf8mb4 DEFAULT NULL,
  `groupname` varchar(256) CHARACTER SET utf8mb4 DEFAULT NULL,
  `userid` varchar(64) CHARACTER SET utf8mb4 DEFAULT NULL,
  `intime` timestamp NULL DEFAULT CURRENT_TIMESTAMP
) ENGINE=InnoDB DEFAULT CHARSET=latin1;

-- ----------------------------
-- Records of groups
-- ----------------------------
INSERT INTO `groups` VALUES ('1585282806795518698', '1571476959767947441', '/pic/group1av.png', '聊天项目开发交流群', '1571476959767947441', '2020-03-27 12:01:07');
INSERT INTO `groups` VALUES ('1585282806795518698', '1571476959767947441', '/pic/group1av.png', '聊天项目开发交流群', '1571476959767947427', '2020-03-27 12:01:14');
INSERT INTO `groups` VALUES ('1585282806795518698', '1571476959767947441', '/pic/group1av.png', '聊天项目开发交流群', '1571476959767947449', '2020-03-27 12:01:14');

-- ----------------------------
-- Table structure for groupsmsg
-- ----------------------------
DROP TABLE IF EXISTS `groupsmsg`;
CREATE TABLE `groupsmsg` (
  `gid` varchar(256) DEFAULT NULL,
  `senduserid` varchar(256) DEFAULT NULL,
  `content` text,
  `sendtime` timestamp NULL DEFAULT CURRENT_TIMESTAMP
) ENGINE=InnoDB DEFAULT CHARSET=utf8mb4;

-- ----------------------------
-- Records of groupsmsg
-- ----------------------------
INSERT INTO `groupsmsg` VALUES ('1585282806795518698', '1571476959767947449', '有人吗', '2020-03-27 14:32:21');
INSERT INTO `groupsmsg` VALUES ('1585282806795518698', '1571476959767947441', '有', '2020-03-27 14:33:50');
INSERT INTO `groupsmsg` VALUES ('1585282806795518698', '1571476959767947449', 'hello', '2020-03-27 14:33:59');
INSERT INTO `groupsmsg` VALUES ('1585282806795518698', '1571476959767947441', 'hello world', '2020-03-27 14:34:05');
INSERT INTO `groupsmsg` VALUES ('1585282806795518698', '1571476959767947449', 'face[衰] ', '2020-03-27 14:34:14');
INSERT INTO `groupsmsg` VALUES ('1585282806795518698', '1571476959767947427', '大家好，我是小Cface[酷] ', '2020-03-27 14:49:18');
INSERT INTO `groupsmsg` VALUES ('1585282806795518698', '1571476959767947427', '人生得意须尽欢，莫使金樽空对月。天生我材必有用，千金散尽还复来。', '2020-03-27 14:49:20');
INSERT INTO `groupsmsg` VALUES ('1585282806795518698', '1571476959767947441', 'emmm', '2020-03-27 14:49:29');
INSERT INTO `groupsmsg` VALUES ('1585282806795518698', '1571476959767947441', '无冥冥之志者，无昭昭之明；无惛惛之事者，无赫赫之功。', '2020-03-27 14:49:32');
INSERT INTO `groupsmsg` VALUES ('1585282806795518698', '1571476959767947427', 'face[思考] ', '2020-03-27 14:49:38');
INSERT INTO `groupsmsg` VALUES ('1585282806795518698', '1571476959767947441', 'file(/pic/1864e965a5824d21a2ccd69e8745dbc9.pdf)[Java-huashanxinban.pdf]', '2020-03-27 15:10:25');

-- ----------------------------
-- Table structure for mine
-- ----------------------------
DROP TABLE IF EXISTS `mine`;
CREATE TABLE `mine` (
  `id` varchar(256) NOT NULL,
  `username` varchar(256) CHARACTER SET utf8mb4 DEFAULT NULL,
  `sign` varchar(256) CHARACTER SET utf8mb4 DEFAULT NULL,
  `avatar` varchar(256) CHARACTER SET utf8mb4 DEFAULT NULL,
  `status` varchar(100) CHARACTER SET utf8mb4 DEFAULT NULL
) ENGINE=InnoDB DEFAULT CHARSET=latin1;

-- ----------------------------
-- Records of mine
-- ----------------------------
INSERT INTO `mine` VALUES ('1571476959767947441', '小A同学', '无冥冥之志者，无昭昭之明；无惛惛之事者，无赫赫之功。', '/pic/xa.png', 'online');
INSERT INTO `mine` VALUES ('1571476959767947449', '小B同学', '与我捻熄灯，同我书半生。问我粥可温，同我立黄昏。', '/pic/xb.png', 'offline');
INSERT INTO `mine` VALUES ('1571476959767947427', '小C同学', '人生得意须尽欢，莫使金樽空对月。天生我材必有用，千金散尽还复来。', '/pic/xc.png', 'offline');
INSERT INTO `mine` VALUES ('1575254996716916627', '小D同学', '心之所向，素履以往，生如逆旅，一苇以航。', '/pic/xd.png', 'offline');
